Name,Num
appcore\adn\adn_dencaliper.c,1
appcore\adn\adn_neutron.c,1
appcore\ecoscope\ecoscope_density_kernel.cpp,1
appcore\ecoscope\ecoscope_spectrolith.c,5
appcore\ecoscope\ecoscope_spectroproc.c,2
appcore\ecoscope\mdoi_sigma\nlopt\bobyqa.c,12
appcore\ecoscope\mdoi_sigma\nlopt\f77funcs.h,1
appcore\ecoscope\mdoi_sigma\nlopt\optimize.c,2
appcore\ecoscope\mdoi_sigma\nlopt\options.c,1
appcore\ecoscope\sngd\unittest\ngd_main_unittest.cpp,2
appcore\ecoscope\sngd\unittest\ngd_qc_unittest.cpp,2
appcore\lwd\lwd_density.cpp,4
build\scripts\cloud\metrics\goldenimage\common\dexutils2.cpp,1
build\scripts\production\metrics\goldenimage\common\dexutils2.cpp,1
ci\production\metrics\goldenimage\common\dexutils2.cpp,1
ci\staging\metrics\goldenimage\common\dexutils2.cpp,1
externalsource\cudd\cuddanneal.c,1
externalsource\cudd\cuddapa.c,5
externalsource\cudd\cuddapi.c,2
externalsource\cudd\cuddcompose.c,5
externalsource\cudd\cudddecomp.c,9
externalsource\cudd\cuddexact.c,6
externalsource\cudd\cuddexport.c,3
externalsource\cudd\cuddgencof.c,2
externalsource\cudd\cuddgenetic.c,4
externalsource\cudd\cuddgroup.c,3
externalsource\cudd\cuddharwell.c,2
externalsource\cudd\cuddinteract.c,1
externalsource\cudd\cuddlinear.c,1
externalsource\cudd\cuddmatmult.c,2
externalsource\cudd\cuddreorder.c,2
externalsource\cudd\cuddsign.c,2
externalsource\cudd\cuddsplit.c,1
externalsource\cudd\cuddsubsethb.c,1
externalsource\cudd\cuddsubsetsp.c,2
externalsource\cudd\cuddsymmetry.c,2
externalsource\cudd\cuddtable.c,24
externalsource\cudd\cuddutil.c,17
externalsource\cudd\cuddwindow.c,3
externalsource\cudd\cuddzddgroup.c,2
externalsource\cudd\cuddzddlin.c,1
externalsource\cudd\cuddzddreord.c,2
externalsource\cudd\cuddzddsymm.c,2
externalsource\cudd\cuddzddutil.c,4
externalsource\cudd\st.c,4
externalsource\rp66\rp66a\e66_repcodes.cc,1
hzapplications\curie\sgengine\sg_global.cpp,1
hzapplications\curie\sgengine\sg_test.cpp,1
hzapplications\pti\acquisition\zencusserialport.cpp,1
hzapplications\sldt\calibration\qldt_calitask_calibrationreport.h,1
hzfwkutils\hzdrivers\jaws2.4\buildvc\slbjawsint\slbjawsint.cpp,1
hzfwkutils\hzdrivers\jaws2.4\buildvc\slbjawspkg\xmlutil.cpp,1
hzfwkutils\hzdrivers\oemdll\clipui\debug.cpp,3
hzfwkutils\hzdrivers\oemdll\slbepsonui\debug.cpp,3
hzfwkutils\hzdrivers\oemdll\slbhpdjui\debug.cpp,3
hzfwkutils\hzdrivers\oemdll\slbhzprint\printpspdf.cpp,1
hzfwkutils\hzdrivers\oemdll\slbhzprint\printslbmixed.cpp,4
hzfwkutils\hzdrivers\oemdll\slbhzprint\raw.cpp,1
hzfwkutils\hzdrivers\oemdll\slbieliteui\debug.cpp,3
hzfwkutils\hzdrivers\oemdll\slbiliteui\debug.cpp,3
hzfwkutils\hzdrivers\oemdll\slbprtx820gui\debug.cpp,3
hzfwkutils\hzdrivers\oemdll\slbprtx820gui\intrface.cpp,1
hzfwkutils\hzdrivers\oemdll\slbprtx820ui\debug.cpp,3
hzfwkutils\hzdrivers\oemdll\slbprtx820ui\intrface.cpp,1
hzfwkutils\hzdrivers\oemdll\slbprtx840gui\debug.cpp,3
hzfwkutils\hzdrivers\oemdll\slbprtx840gui\intrface.cpp,1
hzfwkutils\hzdrivers\oemdll\slbprtx840ui\debug.cpp,3
hzfwkutils\hzdrivers\oemdll\slbprtx840ui\intrface.cpp,1
hzfwkutils\hzdrivers\oemdll\slbprtx843gui\debug.cpp,3
hzfwkutils\hzdrivers\oemdll\slbprtx843gui\intrface.cpp,1
hzfwkutils\hzdrivers\oemdll\slbprtx843ui\debug.cpp,3
hzfwkutils\hzdrivers\oemdll\slbprtx843ui\intrface.cpp,1
hzfwkutils\hzdrivers\oemdll\slbps\debug.cpp,3
hzfwkutils\hzdrivers\oemdll\tgipui\debug.cpp,3
hzfwkutils\hzdrivers\oemdll\tgrpdui\debug.cpp,3
hzfwkutils\hzdrivers\oemdll\tgrpui\debug.cpp,3
hzfwkutils\hzdrivers\slbhzprtdrvinstallserver\stdafx.h,1
thirdparty\thrift\thrift\concurrency\threadmanager.cpp,1
thirdparty\thrift\thrift\concurrency\timermanager.cpp,1
