hzapplications\pti\acquisition\zencus_dataport.h,3
hzapplications\pti\acquisition\zencusserialport.cpp,17
hzapplications\pti\acquisition\zencus_acqmodule.h,1
hzapplications\pti\acquisition\zencus_acqmodule.cpp,4
hzapplications\pti\equipment\pti_stationtask.h,1
hzapplications\pti\acquisition\zencus_cablemaster.h,1
hzapplications\pti\acquisition\zencus_cablemaster.cpp,7
_out\include\rp66lib.h,64
hzapplications\pti\acquisition\zencus_dataport.cpp,25
hzapplications\pti\equipment\pti_zencus_surfaceequipment.h,1
hzapplications\pti\acquisition\zencus_cracker.cpp,1
hzapplications\tractors\opc\opcdataportlib\pcwafeopcclient.cpp,1
hzapplications\taln\common\coreimpl\talnseqmodule_firmwareupgrade.cpp,3
hzapplications\taln\common\coreimpl\talncmdhandler.cpp,8
hzapplications\taln\mastercontroller\simulation\mastercontrollersimbusmasterbase.cpp,1
hzapplications\taln\mastercontroller\acquisition\mastercontrollerbusmasterbase.cpp,1
hzapplications\taln\mastercontroller\toolcontrol\mastercontrollerseqmodule_writeinitcmdtable.cpp,3
hzapplications\taln\mastercontroller\toolcontrol\mastercontrollerseqmodule_initialization.cpp,3
hzapplications\taln\mastercontroller\toolcontrol\mastercontrollerseqmodule_writecanconfigtable.cpp,1
hzapplications\taln\tnpc\toolcontrol\tnpcseqmodule_enablepower.cpp,2
hzapplications\taln\tnpc\simulation\tnpcsimmodulebase.cpp,14
hzapplications\taln\tnpc\acquisition\tnpcacqmodulebase.cpp,1
hzapplications\rst\rst_ui\csc,1
thirdparty\salt\rst\include\rst_wfl_computation.h,9
hzapplications\taln\solsensor\toolcontrol\solsensorseqmodule.cpp,1
hzapplications\taln\solsensor\simulation\solsensorsimmodulebase.cpp,16
hzapplications\taln\solsensor\toolcontrol\solsensorseqmodule_checkstatus.cpp,1
hzapplications\taln\solsensor\common\solsensorutility.cpp,1
hzapplications\taln\solsensor\toolcontrol\solsensorseqmodule_startdithering.cpp,1
hzapplications\taln\solsensor\toolcontrol\solsensorseqmodule_energize.cpp,1
hzapplications\taln\solsensor\calibration\solsensorcalitextfileconvmodule.cpp,1
appcore\pl\fsi_ip_processing\fsi_dukler_model.c,2
hzapplications\taln\sixfiftyvmtrctrl\toolcontrol\sixfiftyvmtrctrlseqmodule_rslvroffsetcalc.cpp,2
hzapplications\taln\sixfiftyvmtrctrl\toolcontrol\sixfiftyvmtrctrlseqmodule.cpp,5
hzapplications\taln\sixfiftyvmtrctrl\simulation\sixfiftyvmtrctrlsimmodulebase.cpp,1
hzapplications\taln\sixfiftyvmtrctrl\acquisition\sixfiftyvmtrctrlacqmodulebase.cpp,8
hzapplications\rst\rst_mstest\f.cs,1
hzapplications\psp_pl\emit\emitcomputationcpp\sqp_impl.h,6
hzapplications\seismic\vsi\ui\customui\csc,8
appcore\pl\sprint\sprint.cpp,3
appcore\pl\sprint\sprintalgorithm.cpp,4
_out\include\sectypes.h,32
hzapplications\taln\ftpo\acquisition\ftpocartridgeacqmodules.cpp,1
hzapplications\taln\ftpo\equipment\ftpopumpelementbase.h,1
hzapplications\taln\ftpo\toolcontrol\ftposeqmodulebase.cpp,25
hzapplications\perfo\perfotools\perfouip\mstest\csc,5
hzapplications\taln\common\coreimpl\talnutility.cpp,3
_out\include\slberror.h,17
hzapplications\taln\ftqp\equipment\ftqpmeasurepoint_cqg.h,1
hzapplications\taln\ftqp\equipment\ftqpcqgelement.cpp,4
hzapplications\taln\ftqp\computation\ftqpdfmodule_presscorrection_cqg_g.cpp,1
hzapplications\taln\ftqp\toolcontrol\ftifsptask.cpp,2
hzapplications\taln\ftqp\toolcontrol\talnnamelookup_ftqp.cpp,1
hzapplications\taln\ftqp\toolcontrol\ftifspseqmodules.cpp,6
hzapplications\taln\ftqp\calibration\talncalitextfileconvmodule_cqg.h,3
hzapplications\taln\ftqp\toolcontrol\ftfspsyncpumping.cpp,3
hzapplications\taln\ftqp\equipment\ftqptool.cpp,2
hzapplications\taln\ftqp\computation\ftqpdfmodule_dynamiccompensation_cqg.cpp,3
hzapplications\mdt\sorteddatagauge\sorteddatagaugeui\csc,12
hzapplications\mdt\mdcp\acquisition\mdtmdcpbaacqmodule.cpp,1
appcore\interpolation\spline3d\source\wm5bsplinebasis.cpp,2
appcore\hngs\absent_util.h,4
c:\program files (x86)\windows kits\8.1\include\um\mmc.h,2
c:\windows\assembly\gac_msil\system\2.0.0.0__b77a5c561934e089\system.dll,3
hzapplications\flcn\fnpa_ui\mstest\fnpapackercontrolcustomuitest.cs,1
hzapplications\dvdxt\test\dvdxttoolensembletestutility.cpp,1
hzwafe\framework\utilities\secshell\ethernet.cs,1
hzfwkutils\longpathsupport\longpathsupport_mstest\directorytests.cs,2
hzfwkutils\longpathsupport\longpathsupport_mstest\filetests.cs,2
hzfwkutils\longpathsupport\longpathsupport_mstest\pathtests.cs,8
thirdparty\thrift\thrift/thrift.h,91
thirdparty\thrift\thrift/protocol/tprotocol.h,35
hzfwkutils\tools\acqframeshark\framesharkservice\thrift_gen\frame_query_types.cpp,3
hzfwkutils\tools\acqframeshark\framesharkservice\thrift_gen\frame_query_service.cpp,15
thirdparty\boost\boost/thread/future.hpp,11
thirdparty\thrift\thrift\protocol\tprotocol.h,3
thirdparty\thrift\thrift\protocol\tbinaryprotocol.tcc,5
thirdparty\prebuiltbinaries\hzwafe\release\hzwafe\include\sectypes.h,404
c:\program files (x86)\microsoft visual studio 12.0\vc\include\errno.h,4
hzwafe\framework\buildtools\secrpc\sectypes.h,20
hzwafe\frontend\a\clnt\gen-cpp\common_types.cpp,8
hzwafe\frontend\a\clnt\gen-cpp\frontendaservice.cpp,45
hzwafe\frontend\a\clnt\gen-cpp\frontendaservice.h,1
hzwafe\frontend\a\clnt\gen-cpp\frontendcommonservice.cpp,192
hzwafe\frontend\a\clnt\gen-cpp\rpc_types.cpp,1
hzwafe\frontend\b\clnt\gen-cpp\rpc_types.cpp,1
hzwafe\frontend\b\clnt\gen-cpp\common_types.cpp,8
hzwafe\frontend\b\clnt\gen-cpp\frontendbservice.cpp,21
hzwafe\frontend\b\clnt\gen-cpp\frontendbservice.h,1
hzwafe\frontend\b\clnt\gen-cpp\frontendcommonservice.cpp,192
hzwafe\frontend\a\svr\gen-cpp\rpc_types.cpp,1
hzwafe\frontend\b\svr\gen-cpp\common_types.cpp,8
hzwafe\frontend\a\svr\gen-cpp\common_types.cpp,8
hzwafe\frontend\b\svr\gen-cpp\rpc_types.cpp,1
hzwafe\frontend\b\svr\gen-cpp\frontendbservice.cpp,21
hzwafe\frontend\b\svr\gen-cpp\frontendbservice.h,1
hzwafe\frontend\a\svr\gen-cpp\frontendaservice.cpp,45
hzwafe\frontend\a\svr\gen-cpp\frontendaservice.h,1
hzwafe\frontend\a\svr\gen-cpp\frontendcommonservice.cpp,192
hzwafe\frontend\b\svr\gen-cpp\frontendcommonservice.cpp,192
thirdparty\thrift\thrift\server\tthreadedserver.cpp,2
hzframework\datastore\clients\contextinfo\dscobserverproxy.cpp,1
thirdparty\prebuiltbinaries\rp66\include\rp66lib.h,64
hzframework\dex\dlis\dexdliswriter\singleindexdatawriter.cpp,6
hzproducts\viewers\deliverables\tail\mstest\tailuip_mstest\csc,3
hzproducts\managers\deliverables\phmdiagnoseutility\diagnosemodelselector\modelselector.designer.cs,1
hzproducts\managers\deliverables\phmdiagnoseutility\phmdiagnoseutility_mstest\csc,1
hzproducts\controls\depthreferencetable\depthreferencetabletest\csc,3
hzproducts\dataarchiving\datamodel\csc,3
hzfwkutils\thirdparty\google\include\gtest\gtest.h,3
hzproducts\viewers\datagaugeviewer\viewer\mstest\slbdatagaugevieweruip_autotest\csc,2
hzproducts\genericcomponents\equipmentnamingcomponent\mstest\csc,2
hzproducts\controls\workflowuip\slbhzworkflowui\mstest\csc,2
hzproducts\uiservers\gtest\uiservers_gtest\slbequipmgruiservertest.cpp,1
hzproducts\maxshell\util\equipmentsetuphelper.cs,3
hzproducts\maxshell\usercommandlineshell\csc,1
hzproducts\maxshell\scriptableshell_mstest\csc,1
hzproducts\controls\equipmentpicturecontrol\equipmentpicturecontrol_mstest\csc,2
hzproducts\managers\dniinits\dniinitsuip_mstest\csc,9
hzproducts\viewers\deliverables\slbparameterlisting\mstest\slbparameterlisting_mstest\csc,3
hzproducts\viewers\deliverables\coverpage\mstest\headeruip_mstest\csc,13
hzproducts\editors\mstest\editors_mstest\recordedmode\csc,6
