hzapplications\common\aplutil\apldebugtracer.cpp,2
hzapplications\basicloggingeqpt\headswithsensors\acquisition\hws_hten_display.cpp,2
hzapplications\common\dliscustomcnvmodule\bh_dliscustomwritemodulebase.cpp,4
hzapplications\common\dliscustomcnvmodule\survey_dliscustomwritemodule.cpp,5
hzapplications\common\dliscustomcnvmodule\fwkdliscustomwritemodule.cpp,10
hzapplications\esda\acquisition\esda_acqmodule.cpp,2
hzapplications\aps\calibration\aps_calibsummarytask.cpp,1
hzapplications\aps\simulation\aps_assetmemory.cpp,2
hzapplications\aps\acquisition\aps_acqmodule.cpp,2
hzapplications\xpt\conversionmodule\xpt_dliscustomwritemodule.cpp,1
hzapplications\xpt\conversionmodule\dliscnvcustomwritemoduleadapter.h,2
c:\program files (x86)\microsoft visual studio 12.0\vc\atlmfc\include\afx.h,5
hzapplications\ultrasonics\conversionmodule\usit_dliscustomwritemodule.cpp,20
hzapplications\thrubit\conversionmodule\tbei_dliscustomwritemodule.cpp,2
hzapplications\sslt\ssltconversionmodule\sslt_dliscustomwritemodule.cpp,3
hzapplications\sldt\conversionmodule\sldt_dliscustomwritemodule.cpp,4
hzapplications\sldt\acquisition\slbcalibrationdefex.cpp,2
hzapplications\sldt\simulation\sldt_assetmemory.cpp,2
hzapplications\sldt\acquisition\sldt_acqmodule.cpp,6
hzapplications\rst\conversionmodule\rstdliscustomwritemodule.cpp,5
hzapplications\psp_pl\scmt\scmtconversionmodule\scmt_dliscustomwritemodule.cpp,1
hzapplications\ppc\conversionmodule\ppc_dliscustomwritemodule.cpp,4
hzapplications\pex\conversionmodule\hdrs_dliscustomwritemodule.cpp,2
hzapplications\obmt\conversionmodule\obmt_dliscustomwritemodule.cpp,2
hzapplications\mdt\mdtbaseconversionmodule\mdt_dliscustomwritebasemodule.cpp,2
hzapplications\lds\common\acquisition\lds_acqmodule.cpp,4
hzapplications\jpg\pom\acquisition\jpg_pom_acqmodule.cpp,2
hzapplications\jpg\jpg_customdliswritermodule\jpg_hydra_customdliswritermodule.cpp,3
hzapplications\jpg\jpg_gtest\jpg_hydra_tffmodule_tests.cpp,8
hzapplications\jpg\jpg_gtest\discriminatorselector_test.cpp,4
hzapplications\jpg\jpg_gtest\jpg_pom_acqmodule_tests.cpp,28
hzapplications\jpg\jpg_gtest\probe_station_tests.cpp,4
hzapplications\jpg\jpg_gtest\jpg_hydra_acqmodule_tests.cpp,46
hzapplications\jpg\jpg_gtest\stationdetectionstatemachine_tests.cpp,6
hzapplications\hals\conversionmodule\halsb_dliscustomwritemodule.cpp,2
hzapplications\fewl_computations\allres_ensemble.cpp,31
hzapplications\fewl_computations\phir_ensemble.cpp,7
hzapplications\fewl_computations\phix_ensemble.cpp,2
hzapplications\fewl_computations\irho_ensemble.cpp,13
hzapplications\fe_computations\rwa_ensemble.cpp,14
hzapplications\fewl_computations\rwac_ensemble.cpp,3
hzapplications\fbst\conversionmodule\fbst_dliscustomwritemodule.cpp,2
hzapplications\fbst\conversionmodule\fbst_e_dliscustomwritemodule.cpp,4
hzapplications\ems\conversionmodule\ems_dliscustomwritemodule.cpp,2
hzapplications\egdt\acquisition\egdt_ipcomhandler.cpp,2
hzapplications\ecs\common\conversionmodule\ecs_dliscustomwritemodule.cpp,5
hzapplications\dsst\dsstconversionmodule\dsst_dliscustomwritemodule.cpp,4
hzapplications\decisionxpress\computation\dex_ensemble.cpp,5
hzapplications\cmrtb\cmrt_conversionmodule\cmrt_dliscustomwritemodule.cpp,2
hzapplications\cmrtb\acquisition\cmrtf_acqmodule.cpp,2
hzapplications\cmrtb\acquisition\cmrt_acqmodule_baseclass.cpp,2
hzapplications\aps\conversionmodule\apsdliscustomwritemodule.cpp,43
hzapplications\ait\conversionmodule\ait_dliscustomwritemodule.cpp,4
hzfwkutils\simwcp2\socketcomm.cpp,4
hzapi\baseimpl\gtest\domainobject_gtest\constraintstest.cpp,1
hzproducts\tools\wl_simulator\virtualwafe\dll\bootport.cpp,2
hzframework\computation\domain\cmpmoduleoutput.cpp,1
hzframework\dex\common\dexorigindscreader.cpp,1
hzframework\dex\common\maxwelldscreader.cpp,1
hzframework\acquisition\gtest\acquisition_gtest\planck\reconnecthelpertest.cpp,2
hzframework\dex\dlis\dexdliswriter\singleindexdatawriter.cpp,1
hzframework\dex\common\rp66objectsetter\calibrationmeasurementsetter.h,1
hzframework\execution\ensemblemanager\ensemblemgr.cpp,1
hzframework\execution\taskrunmanagers\recomputationanalyst.cpp,1
hzgraphics\include\wtl\atlapp.h,1
hzframework\execution\taskrunmanagers\autotest\taskrunmanagersgautotest\accumtaskrunmanagertest.cpp,5
